country,1960,1961,1962,1963,1964,1965,1966,1967,1968,1969,1970,1971,1972,1973,1974,1975,1976,1977,1978,1979,1980,1981,1982,1983,1984,1985,1986,1987,1988,1989,1990,1991,1992,1993,1994,1995,1996,1997,1998,1999,2000,2001,2002,2003,2004,2005,2006,2007,2008,2009,2010,2011,2012,2013,2014,2015,2016,2017,2018
Afghanistan,0.0702,0.081,0.0935,0.169,0.181,0.214,0.186,0.142,0.152,0.15,0.119,0.161,0.181,0.147,0.148,0.143,0.149,0.148,0.139,,,,,,,,,,,,,,,,,,,,,,,,0.703,0.72,0.607,0.708,0.745,0.623,0.731,0.667,0.628,0.669,0.626,0.552,0.514,0.434,0.417,0.453,
Albania,,,,,,,,,,,,,,,,,,,,,0.235,0.223,0.247,0.216,0.201,0.191,0.16,0.161,0.199,0.215,0.24,0.286,0.963,0.645,0.411,0.35,0.333,0.352,0.367,0.342,0.433,0.452,0.476,0.462,0.448,0.479,0.491,0.55,0.521,0.499,0.486,0.52,0.476,0.47,0.472,0.445,0.458,0.466,0.454
Algeria,0.671,0.675,0.208,0.368,0.294,0.258,0.247,0.216,0.242,0.281,0.292,0.277,0.257,0.316,0.355,0.43,0.371,0.417,0.402,0.329,0.303,0.309,0.29,0.258,0.275,0.267,0.232,0.184,0.226,0.285,0.249,0.236,0.239,0.231,0.261,0.29,0.239,0.213,0.225,0.228,0.208,0.22,0.256,0.239,0.256,0.241,0.219,0.249,0.287,0.36,0.314,0.287,0.285,0.304,0.319,0.365,0.351,0.332,0.323
Angola,,,,,,,,,,,,,,,,,,,,,,,,,,,,,,,,,,,,,,,,,0.629,0.749,0.482,0.496,0.452,0.411,0.312,0.402,0.489,0.637,0.426,0.393,0.359,0.361,0.346,0.331,0.252,0.233,
Antigua and Barbuda,,,,,,,,,,,,,,,,,,0.449,0.494,0.638,0.726,0.805,0.899,0.644,0.708,0.777,1.01,0.899,0.712,0.772,0.741,0.743,0.774,0.745,0.716,0.76,0.737,0.703,0.673,0.691,0.6,0.608,0.582,0.625,0.644,0.668,0.707,0.711,0.696,0.577,0.591,0.564,0.585,0.61,0.594,0.502,0.478,,
Argentina,0.076,0.0599,0.0938,0.0789,0.0556,0.0415,0.0499,0.05,0.054,0.064,0.0474,0.0661,0.0684,0.0571,0.0629,0.0598,0.0592,0.0733,0.0572,0.0633,0.0648,0.0737,0.0652,0.0584,0.0476,0.0627,0.0632,0.0758,0.0621,0.0658,0.0463,0.0608,0.0813,0.0931,0.106,0.101,0.111,0.128,0.129,0.116,0.116,0.103,0.134,0.147,0.168,0.173,0.174,0.183,0.183,0.145,0.16,0.168,0.143,0.147,0.14,0.118,0.136,0.14,0.164
Armenia,,,,,,,,,,,,,,,,,,,,,,,,,,,,,,,0.463,0.601,0.613,0.608,0.731,0.622,0.56,0.583,0.528,0.498,0.505,0.461,0.466,0.5,0.453,0.432,0.393,0.392,0.407,0.43,0.453,0.474,0.484,0.482,0.47,0.419,0.428,0.495,0.535
Australia,0.141,0.15,0.126,0.138,0.138,0.153,0.151,0.139,0.145,0.133,0.132,0.129,0.12,0.11,0.132,0.147,0.134,0.147,0.146,0.154,0.159,0.167,0.168,0.156,0.15,0.173,0.181,0.171,0.166,0.17,0.171,0.162,0.164,0.179,0.185,0.199,0.194,0.189,0.205,0.208,0.216,0.221,0.208,0.212,0.199,0.21,0.217,0.218,0.227,0.228,0.208,0.205,0.217,0.213,0.215,0.215,0.215,0.206,0.214
Austria,,,,,,,,,,,0.275,0.273,0.274,0.275,0.305,0.285,0.312,0.323,0.306,0.324,0.351,0.354,0.324,0.32,0.338,0.352,0.32,0.314,0.335,0.355,0.358,0.355,0.345,0.318,0.338,0.347,0.358,0.378,0.386,0.389,0.42,0.429,0.416,0.418,0.439,0.454,0.472,0.482,0.488,0.419,0.478,0.512,0.512,0.506,0.501,0.493,0.486,0.507,0.52
Azerbaijan,,,,,,,,,,,,,,,,,,,,,,,,,,,,,,,0.392,0.412,0.546,0.76,0.306,0.534,0.559,0.53,0.545,0.419,0.384,0.373,0.5,0.655,0.727,0.529,0.388,0.285,0.235,0.231,0.207,0.241,0.253,0.263,0.262,0.348,0.436,0.419,0.377
Bahamas,,,,,,,,,,,,,,,,,,0.661,0.675,0.602,0.629,0.624,0.596,0.58,0.583,0.593,0.579,0.558,,0.572,0.56,0.552,0.512,0.514,0.534,0.549,0.578,0.429,0.431,0.392,0.416,0.384,0.341,0.353,0.378,0.426,0.492,0.479,0.479,0.423,0.437,0.509,0.461,0.455,0.492,0.379,0.371,0.412,0.413
Bahrain,,,,,,,,,,,,,,,,,,,,,1.15,1.2,1.07,0.93,0.938,0.898,0.848,0.874,0.775,0.876,0.946,0.956,0.967,0.807,0.74,0.705,0.762,0.695,0.639,0.63,0.566,0.534,0.586,0.56,0.621,0.644,0.625,0.581,0.633,0.495,0.509,0.747,0.837,0.871,0.795,0.717,0.654,0.674,0.717
Bangladesh,0.0931,0.117,0.108,0.117,0.141,0.134,0.127,0.126,0.116,0.117,0.125,0.107,0.137,0.119,0.103,0.081,0.176,0.124,0.155,0.158,0.179,0.141,0.155,0.147,0.134,0.128,0.118,0.117,0.122,0.128,0.131,0.122,0.123,0.141,0.139,0.173,0.164,0.158,0.161,0.166,0.17,0.187,0.166,0.162,0.157,0.2,0.218,0.229,0.25,0.232,0.218,0.275,0.279,0.268,0.255,0.247,0.213,0.203,0.234
Barbados,,,,,,,,,,,,,,,,0.604,0.648,0.611,0.684,0.761,0.72,0.69,0.665,0.694,0.672,0.601,0.542,0.455,0.452,0.483,0.431,0.417,0.347,0.381,0.382,0.441,0.445,0.483,0.447,0.456,0.464,0.445,0.436,0.462,0.494,0.517,0.544,0.507,0.537,0.458,0.495,0.49,0.472,0.459,0.45,0.43,0.42,0.406,0.409
Belarus,,,,,,,,,,,,,,,,,,,,,,,,,,,,,,,0.436,0.333,0.576,0.834,0.841,0.541,0.504,0.657,0.639,0.616,0.724,0.703,0.674,0.69,0.743,0.591,0.642,0.672,0.687,0.598,0.645,0.795,0.743,0.615,0.557,0.579,0.627,0.666,0.689
Belgium,,,,,,,,,,,0.428,0.418,0.411,0.461,0.524,0.456,0.483,0.482,0.466,0.517,0.529,0.562,0.598,0.6,0.638,0.614,0.55,0.541,0.57,0.614,0.599,0.584,0.563,0.529,0.548,0.563,0.58,0.609,0.605,0.606,0.697,0.68,0.653,0.637,0.66,0.702,0.728,0.742,0.802,0.666,0.741,0.808,0.803,0.785,0.79,0.764,0.782,0.809,0.827
Belize,,,,,,,,,,,,,,,,,,,,,0.574,0.631,0.591,0.544,0.587,0.513,0.486,0.524,0.57,0.575,0.513,0,0.529,0.502,0.524,0.491,0.503,0.557,0.569,0.674,0.737,0.691,0.661,0.659,0.585,0.627,0.617,0.612,0.697,0.563,0.586,0.643,0.638,0.666,0.653,0.663,0.616,0.584,0.58
Benin,0.121,0.0953,0.0996,0.116,0.122,0.149,0.162,0.198,0.191,0.214,0.245,0.278,0.268,0.26,0.295,0.334,0.31,0.348,0.345,0.37,0.373,0.44,0.401,0.316,0.309,0.366,0.326,0.31,0.321,0.248,0.265,0.303,0.335,0.329,0.361,0.364,0.3,0.315,0.325,0.314,0.267,0.284,0.24,0.23,0.214,0.206,0.217,0.271,0.256,0.248,0.284,0.264,0.268,0.316,0.338,0.32,0.314,0.343,0.345
Bhutan,,,,,,,,,,,,,,,,,,,,,0.377,0.48,0.477,0.458,0.451,0.511,0.524,0.381,0.491,0.38,0.307,0.401,0.559,0.441,0.394,0.426,0.457,0.461,0.494,0.507,0.5,0.493,0.509,0.523,0.64,0.662,0.607,0.587,0.594,0.638,0.724,0.722,0.645,0.638,0.609,0.678,0.558,0.527,0.559
Bolivia,0.239,0.233,0.256,0.263,0.235,0.267,0.265,0.26,0.24,0.233,0.244,0.244,0.24,0.283,0.268,0.322,0.299,0.296,0.301,0.274,0.225,0.229,0.293,0.24,0.258,0.228,0.257,0.241,0.231,0.232,0.239,0.27,0.291,0.284,0.272,0.272,0.273,0.294,0.326,0.273,0.273,0.253,0.277,0.264,0.263,0.321,0.328,0.343,0.38,0.329,0.343,0.384,0.378,0.371,0.42,0.371,0.319,0.318,0.311
Bosnia and Herzegovina,,,,,,,,,,,,,,,,,,,,,,,,,,,,,,,,,,,0.864,0.715,0.839,0.728,0.984,0.942,0.755,0.759,0.709,0.832,0.668,0.716,0.63,0.565,0.593,0.487,0.513,0.558,0.558,0.542,0.566,0.533,0.523,0.564,0.558
Botswana,0.396,0.425,0.448,0.473,0.486,0.506,0.509,0.508,0.629,0.526,0.609,0.616,0.605,0.62,0.648,0.638,0.663,0.693,0.685,0.652,0.664,0.715,0.693,0.626,0.58,0.512,0.491,0.484,0.439,0.461,0.498,0.465,0.416,0.391,0.404,0.438,0.371,0.477,0.526,0.437,0.401,0.389,0.397,0.37,0.414,0.356,0.341,0.406,0.51,0.519,0.513,0.536,0.614,0.61,0.54,0.545,0.432,0.339,0.378
Brazil,0.0712,0.0734,0.0519,0.0911,0.0568,0.0556,0.0599,0.0577,0.0661,0.0655,0.0745,0.0814,0.0884,0.095,0.139,0.115,0.0943,0.0792,0.0786,0.0918,0.113,0.098,0.0827,0.0901,0.0792,0.071,0.0635,0.0619,0.0569,0.0546,0.0696,0.0791,0.0839,0.091,0.0967,0.0946,0.0891,0.0959,0.0941,0.114,0.125,0.146,0.134,0.13,0.131,0.118,0.117,0.12,0.137,0.113,0.119,0.124,0.132,0.14,0.137,0.141,0.121,0.118,0.145
Brunei,,,,,,,,,,,,,,,0.174,0.234,0.183,0.161,0.145,0.141,0.117,0.137,0.172,0.19,,,,,,0.352,0.373,0.402,0.479,0.518,0.484,0.558,0.606,0.585,0.574,0.484,0.358,0.392,0.416,0.36,0.318,0.273,0.252,0.279,0.276,0.358,0.28,0.3,0.355,0.429,0.307,0.327,0.377,0.356,0.42
Bulgaria,,,,,,,,,,,,,,,,,,,,,0.307,0.345,0.332,0.369,0.382,0.432,0.435,0.426,0.459,0.482,0.367,0.392,0.529,0.458,0.457,0.231,0.377,0.372,0.353,0.477,0.418,0.445,0.419,0.449,0.525,0.576,0.645,0.712,0.723,0.506,0.53,0.587,0.64,0.653,0.659,0.636,0.597,0.638,0.643
Burkina Faso,0.158,0.158,0.157,0.157,0.115,0.114,0.116,0.139,0.153,0.165,0.161,0.199,0.213,0.229,0.245,0.302,0.27,0.304,0.278,0.293,0.313,0.314,0.316,0.296,0.288,0.31,0.29,0.281,0.271,0.236,0.245,0.233,0.195,0.207,0.25,0.266,0.276,0.266,0.281,0.242,0.25,0.231,0.217,0.22,0.258,0.258,0.254,0.249,0.263,0.277,0.296,0.332,0.372,0.279,0.244,0.363,0.365,0.362,0.372
Burundi,0.134,0.147,0.164,0.143,0.121,0.125,0.13,0.119,0.134,0.121,0.116,0.142,0.151,0.133,0.155,0.19,0.167,0.173,0.202,0.227,0.233,0.22,0.269,0.247,0.236,0.208,0.223,0.257,0.26,0.229,0.278,0.285,0.295,0.272,0.285,0.273,0.158,0.144,0.194,0.16,0.162,0.158,0.17,0.21,0.246,0.289,0.351,0.32,0.367,0.292,0.298,0.342,0.34,0.375,0.342,0.268,0.251,0.27,0.298
Cambodia,0.22,0.187,0.229,0.208,0.157,0.125,0.128,0.101,0.107,0.106,0.0777,,,,,,,,,,,,,,,,,,,,,,,0.327,0.387,0.466,0.438,0.453,0.444,0.536,0.614,0.612,0.643,0.666,0.709,0.727,0.76,0.729,0.678,0.559,0.595,0.595,0.627,0.677,0.67,0.661,0.657,0.641,0.633
Cameroon,,,,,,0.243,0.236,0.226,0.246,0.229,0.247,0.272,0.261,0.24,0.228,0.255,0.274,0.278,0.281,0.282,0.271,0.284,0.289,0.293,0.31,0.316,0.227,0.206,0.16,0.178,0.173,0.146,0.183,0.125,0.189,0.176,0.232,0.25,0.225,0.203,0.249,0.283,0.275,0.257,0.242,0.264,0.263,0.296,0.329,0.264,0.27,0.31,0.303,0.3,0.301,0.276,0.24,0.226,0.237
Canada,,0.183,0.18,0.174,0.181,0.186,0.193,0.192,0.2,0.211,0.197,0.198,0.207,0.217,0.242,0.24,0.227,0.231,0.244,0.26,0.259,0.258,0.215,0.219,0.246,0.254,0.262,0.25,0.254,0.251,0.25,0.25,0.266,0.292,0.317,0.331,0.333,0.363,0.382,0.384,0.387,0.364,0.358,0.331,0.33,0.33,0.327,0.321,0.327,0.3,0.311,0.319,0.323,0.32,0.327,0.344,0.339,0.337,0.341
Cape Verde,,,,,,,,,,,,,,,,,,,,,0.67,0.707,0.792,0.778,0.777,0.792,0.754,0.657,0.595,0.622,0.688,0.644,0.667,0.47,0.565,0.604,0.553,0.585,0.591,0.6,0.605,0.624,0.685,0.674,0.696,0.666,0.727,0.662,0.631,0.57,0.618,0.643,0.598,0.548,0.607,0.592,0.6,0.674,0.682
Central African Republic,0.342,0.358,0.377,0.385,0.408,0.377,0.425,0.469,0.396,0.376,0.416,0.374,0.338,0.365,0.433,0.399,0.293,0.343,0.339,0.351,0.411,0.341,0.342,0.366,0.355,0.316,0.286,0.286,0.251,0.265,0.259,0.261,0.264,0.229,0.25,0.283,0.256,0.289,0.284,0.24,0.253,0.226,0.201,0.18,0.192,0.217,0.221,0.235,0.234,0.217,0.228,0.213,0.215,0.234,0.364,0.361,0.357,0.399,0.47
Chad,0.17,0.186,0.196,0.192,0.213,0.178,0.18,0.182,0.187,0.177,0.22,0.211,0.194,0.235,0.268,0.259,0.264,0.284,0.28,0.346,0.289,0.227,0.135,0.235,0.241,0.313,0.354,0.364,0.301,0.314,0.279,0.244,0.248,0.293,0.349,0.338,0.291,0.308,0.296,0.322,0.347,0.497,1.14,0.587,0.508,0.379,0.483,0.402,0.376,0.42,0.435,0.418,0.421,0.391,0.425,0.366,0.37,0.397,0.379
Chile,0.158,0.155,0.128,0.148,0.132,0.127,0.134,0.129,0.131,0.141,0.14,0.12,0.132,0.154,0.193,0.266,0.203,0.22,0.237,0.255,0.264,0.262,0.213,0.214,0.245,0.243,0.247,0.258,0.26,0.293,0.293,0.268,0.273,0.277,0.258,0.263,0.281,0.285,0.288,0.266,0.288,0.307,0.306,0.307,0.299,0.315,0.293,0.313,0.394,0.293,0.313,0.344,0.341,0.328,0.322,0.296,0.276,0.271,0.287
China,0.0443,0.0349,0.0291,0.0286,0.0286,0.0319,0.0324,0.0298,0.0292,0.0241,0.0246,0.0213,0.0251,0.0376,0.054,0.0485,0.0433,0.0409,0.0509,0.0592,0.0651,0.0745,0.0867,0.084,0.0951,0.124,0.112,0.124,0.157,0.133,0.107,0.115,0.145,0.194,0.172,0.163,0.159,0.15,0.141,0.154,0.185,0.182,0.201,0.248,0.284,0.284,0.284,0.268,0.25,0.204,0.235,0.242,0.228,0.221,0.215,0.182,0.175,0.182,0.187
Colombia,0.148,0.138,0.122,0.124,0.127,0.0971,0.143,0.103,0.128,0.13,0.146,0.16,0.128,0.127,0.156,0.14,0.139,0.132,0.138,0.134,0.156,0.154,0.152,0.132,0.125,0.125,0.12,0.129,0.139,0.138,0.159,0.144,0.171,0.21,0.209,0.21,0.208,0.208,0.209,0.178,0.168,0.185,0.182,0.199,0.191,0.205,0.22,0.207,0.211,0.187,0.18,0.202,0.2,0.199,0.209,0.227,0.215,0.202,0.208
Comoros,,,,,,,,,,,,,,,,,,,,,0.269,0.269,0.269,0.269,0.269,0.269,0.269,0.269,0.269,0.269,0.269,0.269,0.269,0.269,0.269,0.269,0.269,0.269,0.269,0.269,0.269,0.269,0.269,0.269,0.269,0.269,0.269,0.242,0.28,0.286,0.299,0.3,0.319,0.302,0.296,0.277,0.265,0.283,0.298
"Congo, Dem. Rep.",,,,,,,,,,,,,,,,,,,,,,,,,,,,,,,,,,,0.199,0.237,0.303,0.15,0.329,0.175,0.156,0.131,0.136,0.3,0.266,0.294,0.263,0.411,0.447,0.361,0.496,0.457,0.375,0.41,0.419,0.316,0.32,0.39,0.373
"Congo, Rep.",0.856,0.837,0.63,0.578,0.564,0.531,0.511,0.558,0.572,0.569,0.578,0.526,0.518,0.434,0.595,0.637,0.666,0.653,0.611,0.486,0.601,0.761,0.685,0.518,0.456,0.56,0.537,0.386,0.404,0.348,0.19,0.28,0.164,0.313,0.742,0.636,0.599,0.602,0.726,0.591,0.436,0.533,0.539,0.76,0.508,0.545,0.656,0.535,0.47,0.502,0.547,0.578,0.603,0.661,0.703,0.964,0.857,0.652,0.56
Costa Rica,0.261,0.251,0.26,0.271,0.286,0.332,0.308,0.312,0.325,0.32,0.346,0.371,0.366,0.369,0.481,0.385,0.349,0.363,0.36,0.372,0.368,0.482,0.422,0.368,0.34,0.325,0.305,0.358,0.358,0.387,0.411,0.382,0.41,0.435,0.423,0.419,0.443,0.462,0.483,0.452,0.438,0.405,0.414,0.428,0.432,0.46,0.467,0.461,0.479,0.353,0.35,0.366,0.36,0.343,0.348,0.317,0.318,0.33,0.332
Cote d'Ivoire,0.229,0.281,0.257,0.235,0.247,0.301,0.287,0.288,0.28,0.271,0.291,0.284,0.29,0.332,0.384,0.366,0.362,0.363,0.374,0.377,0.412,0.423,0.393,0.357,0.318,0.324,0.302,0.296,0.279,0.291,0.271,0.27,0.281,0.259,0.293,0.344,0.324,0.353,0.35,0.341,0.339,0.329,0.324,0.334,0.382,0.44,0.427,0.422,0.402,0.399,0.433,0.373,0.447,0.386,0.344,0.342,0.303,0.311,0.292
Croatia,,,,,,,,,,,,,,,,,,,,,,,,,,,,,,,,,,,,0.358,0.372,0.442,0.362,0.365,0.398,0.424,0.457,0.464,0.455,0.455,0.465,0.462,0.466,0.383,0.38,0.409,0.412,0.426,0.437,0.462,0.465,0.494,0.514
Cuba,,,,,,,,,,,0.442,0.442,0.442,0.442,0.442,0.442,0.442,0.442,0.442,0.441,0.443,0.442,0.442,0.44,0.441,0.45,0.438,0.439,0.431,0.448,0.409,0.291,0.182,0.157,0.145,0.159,0.173,0.178,0.183,0.173,0.169,0.161,0.132,0.136,0.153,0.183,0.185,0.176,0.243,0.155,0.177,0.219,0.204,0.202,0.172,0.145,0.123,0.117,0.126
Cyprus,,,,,,,,,,,,,,,,0.567,0.626,0.678,0.629,0.638,0.631,0.633,0.642,0.64,0.671,0.588,0.484,0.503,0.535,0.599,0.571,0.571,0.606,0.479,0.481,0.676,0.706,0.706,0.662,0.643,0.675,0.636,0.612,0.562,0.57,0.562,0.564,0.58,0.628,0.541,0.587,0.573,0.572,0.598,0.652,0.677,0.69,0.734,0.723
Czech Republic,,,,,,,,,,,,,,,,,,,,,,,,,,,,,,,0.307,0.33,0.388,0.39,0.384,0.435,0.432,0.446,0.425,0.433,0.5,0.503,0.464,0.481,0.565,0.598,0.624,0.64,0.611,0.548,0.629,0.675,0.714,0.711,0.762,0.751,0.718,0.722,0.72
Denmark,,,,,,,0.296,0.288,0.284,0.288,0.3,0.288,0.268,0.299,0.34,0.303,0.328,0.319,0.296,0.316,0.33,0.347,0.35,0.337,0.346,0.357,0.325,0.296,0.301,0.316,0.309,0.315,0.3,0.29,0.309,0.319,0.314,0.334,0.341,0.333,0.381,0.384,0.389,0.37,0.383,0.419,0.466,0.486,0.507,0.426,0.436,0.474,0.486,0.482,0.477,0.486,0.467,0.481,0.496
Djibouti,,,,,,,,,,,,,,,,,,,,,,,,,,,,,,,,,,,,,,,,,,,,,,,,,,,,,,2.2,1.62,1.4,1.24,1.78,1.79
Dominica,,,,,,,,,,,,,,,,,,0.484,0.513,0.732,0.751,0.635,0.56,0.491,0.563,0.495,0.491,0.51,0.578,0.65,0.665,0.575,0.535,0.498,0.512,0.526,0.496,0.57,0.534,0.544,0.549,0.487,0.469,0.458,0.474,0.539,0.51,0.561,0.627,0.541,0.517,0.51,0.496,0.472,0.462,0.51,0.542,0.646,0.651
Dominican Republic,0.188,0.163,0.242,0.26,0.28,0.203,0.253,0.25,0.266,0.261,0.279,0.277,0.246,0.27,0.35,0.322,0.292,0.283,0.295,0.318,0.341,0.29,0.246,0.244,0.3,0.308,0.265,0.325,0.369,0.388,0.386,0.229,0.437,0.416,0.409,0.387,0.378,0.39,0.416,0.413,0.438,0.386,0.38,0.423,0.402,0.333,0.355,0.352,0.375,0.296,0.333,0.348,0.338,0.315,0.303,0.284,0.277,0.265,0.285
Ecuador,0.104,0.102,0.108,0.0996,0.101,0.103,0.111,0.12,0.139,0.121,0.13,0.167,0.156,0.167,0.188,0.193,0.18,0.181,0.186,0.182,0.179,0.153,0.178,0.153,0.157,0.16,0.175,0.224,0.237,0.248,0.218,0.215,0.207,0.231,0.235,0.246,0.219,0.235,0.255,0.228,0.273,0.275,0.279,0.246,0.261,0.285,0.294,0.307,0.339,0.269,0.324,0.334,0.316,0.31,0.297,0.24,0.19,0.216,0.23
Egypt,0.218,0.197,0.195,0.236,0.249,0.201,0.205,0.191,0.175,0.165,0.171,0.178,0.174,0.182,0.313,0.355,0.279,0.314,0.339,0.43,0.429,0.435,0.379,0.342,0.32,0.279,0.222,0.227,0.352,0.323,0.326,0.354,0.309,0.301,0.281,0.277,0.262,0.249,0.257,0.233,0.228,0.223,0.227,0.244,0.296,0.326,0.316,0.348,0.386,0.316,0.266,0.247,0.243,0.234,0.227,0.217,0.199,0.293,0.294
El Salvador,,,,,,0.288,0.298,0.287,0.271,0.258,0.245,0.266,0.281,0.33,0.408,0.382,0.368,0.375,0.395,0.371,0.332,0.336,0.285,0.299,0.285,0.299,0.29,0.261,0.223,0.237,0.311,0.305,0.325,0.342,0.352,0.378,0.341,0.375,0.365,0.366,0.419,0.409,0.404,0.423,0.439,0.444,0.475,0.521,0.539,0.421,0.466,0.503,0.491,0.507,0.486,0.471,0.444,0.455,0.486
Equatorial Guinea,,,,,,,,,,,,,,,,,,,,,,,,,,,,,,,,,,,,,,,,,,,,,,0.436,0.362,0.455,0.395,0.479,0.589,0.393,0.448,0.392,0.384,0.422,0.412,0.436,0.457
Eritrea,,,,,,,,,,,,,,,,,,,,,,,,,,,,,,,,,0.45,0.715,0.829,0.829,0.874,0.858,0.801,0.867,0.582,0.613,0.648,0.676,0.598,0.549,0.384,0.288,0.261,0.234,0.233,0.232,,,,,,,
Estonia,,,,,,,,,,,,,,,,,,,,,,,,,,,,,,,,,,0.681,0.792,0.733,0.718,0.808,0.833,0.742,0.648,0.652,0.653,0.656,0.689,0.705,0.734,0.714,0.702,0.556,0.681,0.801,0.839,0.814,0.779,0.73,0.735,0.719,0.707
Ethiopia,,,,,,,,,,,,,,,,,,,,,,,,,,,,,,,,,,,,,,,,,,,,,,,,,,,,0.315,0.316,0.29,0.291,0.303,0.271,0.235,0.228
Finland,,,,,,,,,,,0.256,0.249,0.241,0.249,0.295,0.282,0.257,0.255,0.248,0.285,0.321,0.303,0.287,0.287,0.271,0.273,0.243,0.245,0.243,0.249,0.237,0.222,0.247,0.268,0.284,0.283,0.294,0.304,0.295,0.286,0.329,0.305,0.302,0.307,0.323,0.363,0.389,0.39,0.413,0.34,0.371,0.397,0.404,0.391,0.376,0.36,0.361,0.376,0.393
France,0.124,0.123,0.12,0.122,0.129,0.124,0.13,0.131,0.134,0.147,0.154,0.155,0.158,0.169,0.217,0.179,0.203,0.204,0.192,0.203,0.225,0.234,0.239,0.227,0.237,0.237,0.205,0.207,0.21,0.223,0.218,0.216,0.207,0.191,0.202,0.21,0.213,0.225,0.234,0.237,0.273,0.267,0.255,0.247,0.255,0.269,0.282,0.286,0.293,0.256,0.281,0.304,0.305,0.304,0.308,0.312,0.309,0.319,0.321
Gabon,0.326,0.317,0.308,0.454,0.36,0.373,0.396,0.481,0.492,0.541,0.38,0.523,0.723,0.577,0.433,0.479,0.461,0.513,0.469,0.374,0.316,0.407,0.397,0.435,0.402,0.573,0.547,0.452,0.418,0.412,0.309,0.333,0.338,0.345,0.383,0.357,0.33,0.372,0.486,0.381,0.327,0.294,0.322,0.284,0.267,0.239,0.281,0.266,0.268,0.313,0.315,0.288,0.314,0.333,0.29,0.279,0.261,0.248,0.215
Gambia,,,,,,,0.436,0.472,0.51,0.511,0.409,0.372,0.408,0.424,0.437,0.436,0.464,0.475,0.599,0.633,0.636,0.668,0.596,0.625,0.648,0.539,0.561,0.593,0.585,0.653,0.716,0.347,0.369,0.364,0.287,0.355,0.292,0.254,0.286,0.28,0.306,0.251,0.325,0.378,0.293,0.301,0.293,0.263,0.246,0.26,0.263,0.258,0.279,0.269,0.329,0.326,0.317,0.39,0.415
Georgia,,,,,,,,,,,,,,,,,,,,,,,,,,,,0.408,0.466,0.451,0.453,0.313,0.663,0.718,1.09,0.423,0.324,0.421,0.371,0.381,0.397,0.389,0.424,0.464,0.482,0.516,0.57,0.58,0.584,0.489,0.499,0.529,0.554,0.539,0.568,0.579,0.56,0.575,0.612
Germany,,,,,,,,,,,0.166,0.163,0.162,0.163,0.187,0.188,0.203,0.201,0.195,0.214,0.232,0.24,0.235,0.233,0.245,0.25,0.217,0.21,0.214,0.229,0.23,0.242,0.227,0.203,0.209,0.216,0.221,0.243,0.252,0.264,0.307,0.302,0.283,0.29,0.305,0.329,0.36,0.366,0.377,0.331,0.373,0.401,0.402,0.397,0.39,0.393,0.387,0.403,0.413
Ghana,0.354,0.365,0.285,0.275,0.239,0.267,0.196,0.199,0.208,0.203,0.227,0.202,0.152,0.164,0.218,0.184,0.16,0.115,0.0969,0.112,0.0915,0.0532,0.0298,0.0599,0.108,0.136,0.201,0.262,0.241,0.243,0.259,0.255,0.288,0.364,0.368,0.329,0.401,0.53,0.467,0.496,0.672,0.648,0.549,0.566,0.604,0.617,0.407,0.408,0.445,0.423,0.459,0.494,0.528,0.359,0.363,0.436,0.375,0.384,0.364
Greece,0.146,0.141,0.148,0.153,0.167,0.17,0.156,0.152,0.156,0.156,0.152,0.152,0.162,0.201,0.213,0.212,0.208,0.207,0.195,0.204,0.253,0.258,0.246,0.247,0.241,0.243,0.25,0.242,0.233,0.248,0.253,0.244,0.239,0.23,0.217,0.227,0.232,0.231,0.26,0.281,0.347,0.334,0.302,0.296,0.292,0.296,0.317,0.35,0.36,0.288,0.307,0.323,0.331,0.332,0.348,0.315,0.308,0.34,0.364
Grenada,,,,,,,,,,,,,,,,,,0.456,0.45,0.556,0.598,0.681,0.63,0.545,0.489,0.525,0.564,0.535,0.507,0.481,0.499,0.496,0.447,0.514,0.498,0.495,0.529,0.542,0.568,0.552,0.596,0.538,0.504,0.527,0.533,0.57,0.576,0.575,0.547,0.468,0.492,0.508,0.495,0.504,0.541,0.509,0.498,0.531,0.552
Guatemala,0.145,0.135,0.134,0.159,0.181,0.196,0.191,0.195,0.184,0.174,0.178,0.187,0.185,0.202,0.257,0.235,0.276,0.263,0.273,0.259,0.249,0.236,0.187,0.146,0.152,0.13,0.146,0.223,0.219,0.225,0.248,0.216,0.273,0.261,0.249,0.254,0.226,0.236,0.263,0.274,0.29,0.413,0.397,0.402,0.421,0.41,0.419,0.423,0.394,0.331,0.363,0.374,0.361,0.348,0.336,0.301,0.275,0.269,0.277
Guinea,,,,,,,,,,,,,,,,,,,,,,,,,,,0.281,0.307,0.311,0.298,0.334,0.306,0.261,0.281,0.259,0.245,0.243,0.229,0.269,0.26,0.29,0.3,0.29,0.252,0.258,0.351,0.456,0.476,0.425,0.473,0.432,0.534,0.535,0.54,0.501,0.509,0.825,0.566,0.53
Guinea-Bissau,,,,,,,,,,,0.302,0.343,0.356,0.407,0.392,0.259,0.279,0.326,0.361,0.415,0.418,0.357,0.413,0.323,0.513,0.577,0.318,0.39,0.512,0.462,0.37,0.378,0.501,0.327,0.343,0.351,0.318,0.399,0.358,0.428,0.331,0.268,0.234,0.246,0.264,0.252,0.276,0.34,0.328,0.352,0.352,0.309,0.257,0.258,0.314,0.322,0.313,0.331,0.325
Guyana,0.57,0.53,0.449,0.461,0.535,0.577,0.602,0.598,0.551,0.554,0.57,0.547,0.588,0.689,0.664,0.749,0.91,0.788,0.631,0.692,0.936,0.923,0.701,0.646,0.514,0.619,0.532,0.908,0.679,0.735,0.799,1.2,1.49,1.31,1.17,1.12,1.09,1.09,1.08,1.05,1.11,1.07,1.04,0.995,1.05,1.1,0.751,0.795,0.858,0.731,0.621,0.684,0.698,0.628,0.582,0.467,0.413,0.462,0.471
Haiti,,,,,,,,,,,,,,,,,,,,,,,,,,,,,0.325,0.275,0.345,0.295,0.25,0.379,0.247,0.287,0.289,0.264,0.266,0.297,0.334,0.361,0.36,0.479,0.44,0.429,0.45,0.389,0.442,0.426,0.647,0.59,0.532,0.521,0.527,0.505,0.526,0.565,0.585
Honduras,0.23,0.219,0.221,0.247,0.247,0.268,0.301,0.305,0.316,0.309,0.341,0.305,0.282,0.331,0.441,0.397,0.382,0.393,0.399,0.417,0.452,0.418,0.303,0.319,0.343,0.327,0.302,0.275,0.309,0.358,0.393,0.408,0.428,0.476,0.558,0.54,0.607,0.618,0.643,0.672,0.664,0.646,0.653,0.682,0.77,0.775,0.771,0.816,0.844,0.574,0.637,0.71,0.703,0.684,0.654,0.621,0.571,0.587,0.608
Hungary,,,,,,,,,,,,,,,,,,,,,,,,,,,,,,,,0.296,0.278,0.304,0.311,0.392,0.414,0.469,0.545,0.584,0.705,0.662,0.602,0.603,0.636,0.65,0.75,0.774,0.789,0.704,0.765,0.805,0.795,0.786,0.811,0.8,0.784,0.799,0.806
Iceland,,,,,,,,,,,0.427,0.433,0.363,0.371,0.406,0.411,0.337,0.333,0.331,0.363,0.35,0.356,0.364,0.37,0.376,0.395,0.343,0.349,0.322,0.309,0.319,0.321,0.3,0.292,0.302,0.315,0.352,0.35,0.382,0.37,0.391,0.379,0.34,0.356,0.377,0.422,0.478,0.421,0.428,0.398,0.421,0.471,0.493,0.458,0.455,0.448,0.412,0.42,0.441
India,0.0683,0.0596,0.0603,0.0591,0.0569,0.0521,0.0667,0.0595,0.0494,0.0403,0.0388,0.04,0.0371,0.0472,0.0602,0.0665,0.0611,0.0626,0.0659,0.0817,0.0925,0.0857,0.0814,0.0785,0.0773,0.0765,0.0702,0.0698,0.0746,0.0815,0.0845,0.0849,0.0959,0.0982,0.102,0.12,0.115,0.119,0.127,0.134,0.139,0.134,0.152,0.156,0.196,0.224,0.245,0.249,0.293,0.259,0.269,0.311,0.313,0.284,0.26,0.221,0.21,0.22,0.236
Indonesia,0.126,0.136,0.0539,0.0935,0.131,0.0574,0.221,0.169,0.156,0.148,0.158,0.166,0.189,0.195,0.214,0.22,0.208,0.201,0.208,0.236,0.222,0.255,0.263,0.288,0.228,0.209,0.205,0.224,0.222,0.23,0.256,0.265,0.271,0.238,0.254,0.276,0.264,0.281,0.432,0.274,0.305,0.308,0.264,0.231,0.275,0.299,0.256,0.254,0.288,0.214,0.224,0.239,0.25,0.247,0.244,0.208,0.183,0.192,0.221
Iran,0.174,0.159,0.137,0.125,0.163,0.165,0.176,0.197,0.205,0.211,0.212,0.213,0.215,0.207,0.24,0.354,0.282,0.291,0.222,0.161,0.287,0.279,0.21,0.242,0.166,0.143,0.104,0.0873,0.143,0.181,0.238,0.304,0.272,0.206,0.133,0.135,0.15,0.154,0.165,0.156,0.198,0.212,0.238,0.261,0.26,0.241,0.233,0.21,0.217,0.21,0.194,0.176,0.232,0.234,0.215,0.193,0.208,0.238,
Iraq,,,,,,,,,,,0.202,0.23,0.215,0.246,0.316,0.426,0.359,0.408,0.316,0.312,0.316,0.623,0.664,0.329,0.297,0.298,0.264,0.261,0.228,0.229,0.0743,0.025,0.0134,0.00469,0.00064,0.000156,0.000177,0.423,0.543,0.607,0.496,0.615,0.492,0.768,0.64,0.614,0.386,0.282,0.307,0.393,0.341,0.278,0.291,0.36,0.369,0.414,0.399,0.356,0.359
Ireland,,,,,,,,,,,0.413,0.398,0.366,0.412,0.525,0.448,0.498,0.537,0.549,0.607,0.579,0.575,0.509,0.507,0.549,0.537,0.48,0.482,0.496,0.535,0.503,0.508,0.511,0.532,0.585,0.625,0.639,0.652,0.735,0.735,0.807,0.797,0.733,0.657,0.662,0.687,0.71,0.725,0.755,0.798,0.864,0.85,0.87,0.849,0.92,0.932,1.05,0.99,0.892
Israel,,,,,,,,,,,0.397,0.384,0.347,0.447,0.417,0.462,0.434,0.423,0.524,0.482,0.473,0.478,0.421,0.386,0.412,0.428,0.373,0.405,0.345,0.351,0.346,0.334,0.32,0.356,0.354,0.352,0.342,0.326,0.312,0.352,0.357,0.337,0.358,0.354,0.39,0.409,0.406,0.414,0.391,0.307,0.328,0.355,0.36,0.319,0.306,0.282,0.281,0.275,0.29
Italy,,,,,,,,,,,0.149,0.148,0.155,0.18,0.223,0.187,0.211,0.204,0.196,0.213,0.228,0.236,0.224,0.199,0.214,0.215,0.175,0.176,0.175,0.185,0.181,0.168,0.174,0.174,0.186,0.21,0.192,0.204,0.21,0.214,0.248,0.244,0.237,0.228,0.234,0.247,0.27,0.277,0.276,0.23,0.269,0.283,0.273,0.262,0.262,0.267,0.26,0.279,0.29
Jamaica,0.381,0.35,0.349,0.34,0.39,0.369,0.359,0.368,0.421,0.435,0.374,0.409,0.411,0.411,0.459,0.456,0.379,0.284,0.373,0.506,0.51,0.558,0.486,0.43,0.616,0.657,0.459,0.463,0.478,0.524,0.519,0.514,0.632,0.388,0.558,0.564,0.525,0.484,0.46,0.452,0.507,0.493,0.491,0.515,0.518,0.552,0.606,0.615,0.716,0.524,0.496,0.535,0.519,0.527,0.535,0.462,0.446,0.489,0.511
Japan,,,,,,,,,,,0.0921,0.0869,0.08,0.0968,0.139,0.123,0.123,0.111,0.0907,0.121,0.141,0.135,0.134,0.118,0.119,0.107,0.0724,0.0717,0.0761,0.0876,0.0944,0.0829,0.0764,0.0694,0.071,0.0771,0.0905,0.0949,0.0871,0.084,0.092,0.0957,0.0967,0.0994,0.11,0.125,0.145,0.156,0.17,0.12,0.136,0.155,0.161,0.182,0.2,0.18,0.153,0.168,0.182
Jordan,,,,,,,,,,,,,,,,,0.798,0.829,0.798,0.867,0.853,0.985,0.943,0.813,0.795,0.763,0.535,0.577,0.647,0.744,0.896,0.799,0.812,0.8,0.703,0.719,0.771,0.706,0.634,0.604,0.676,0.662,0.657,0.674,0.813,0.929,0.867,0.905,0.863,0.681,0.681,0.728,0.732,0.71,0.688,0.597,0.554,0.564,0.546
Kazakhstan,,,,,,,,,,,,,,,,,,,,,,,,,,,,,,,,,0.753,0.467,0.471,0.435,0.36,0.374,0.349,0.401,0.491,0.47,0.47,0.43,0.439,0.446,0.405,0.428,0.371,0.339,0.299,0.267,0.296,0.268,0.256,0.245,0.285,0.256,0.253
Kenya,0.337,0.311,0.301,0.29,0.292,0.307,0.309,0.294,0.293,0.281,0.307,0.352,0.287,0.287,0.409,0.345,0.318,0.316,0.387,0.316,0.359,0.338,0.316,0.282,0.321,0.301,0.299,0.264,0.276,0.301,0.313,0.286,0.267,0.34,0.342,0.392,0.321,0.314,0.287,0.274,0.317,0.33,0.303,0.3,0.329,0.36,0.323,0.32,0.349,0.308,0.336,0.388,0.355,0.332,0.33,0.276,0.233,0.242,0.23
Kiribati,,,,,,,,,,,,,0.394,0.393,0.238,0.278,0.357,0.382,0.462,0.596,0.494,0.74,0.663,0.603,0.531,0.461,0.42,1.1,0.863,0.962,1.18,0.947,1.23,1.03,0.819,1.04,0.924,0.914,0.801,0.939,0.932,0.978,1.1,0.93,0.91,1.11,0.895,0.876,0.88,0.863,0.784,0.836,0.918,0.828,0.916,0.982,0.946,0.92,
Kuwait,,,,,,0.231,0.244,0.284,0.261,0.289,0.241,0.187,0.207,0.222,0.138,0.26,0.326,0.434,0.399,0.288,0.343,0.385,0.524,0.494,0.446,0.427,0.48,0.371,0.429,0.414,0.581,1.26,0.542,0.443,0.423,0.42,0.392,0.396,0.511,0.394,0.301,0.355,0.366,0.345,0.324,0.283,0.242,0.283,0.259,0.294,0.304,0.259,0.263,0.267,0.315,0.449,0.485,0.466,0.438
Kyrgyz Republic,,,,,,,,,,,,,,,,,,,,,,,,,,,,,,,0.495,0.366,0.476,0.412,0.401,0.424,0.566,0.462,0.58,0.57,0.476,0.37,0.433,0.453,0.513,0.568,0.79,0.841,0.926,0.787,0.817,0.816,0.953,0.918,0.877,0.758,0.7,0.664,0.684
Lao,,,,,,,,,,,,,,,,,,,,,,,,,0.0634,0.0977,0.077,0.14,0.319,0.32,0.245,0.252,0.271,0.312,0.398,0.373,0.411,0.413,0.478,0.442,0.382,0.38,0.385,0.371,0.412,0.428,0.438,0.456,0.487,0.468,0.493,0.514,0.603,0.6,0.583,0.518,0.419,,
Latvia,,,,,,,,,,,,,,,,,,,,,,,,,,,,,,,,,,,,0.394,0.496,0.489,0.515,0.449,0.449,0.485,0.468,0.487,0.547,0.577,0.607,0.575,0.524,0.441,0.55,0.627,0.656,0.638,0.632,0.616,0.594,0.62,0.615
Lebanon,,,,,,,,,,,,,,,,,,,,,,,,,,,,,,0.916,0.999,0.799,0.72,0.672,0.624,0.623,0.553,0.476,0.41,0.368,0.359,0.4,0.349,0.374,0.561,0.563,0.556,0.609,0.68,0.572,0.602,0.642,0.602,0.574,0.541,0.468,0.467,0.486,0.396
Lesotho,0.385,0.455,0.478,0.509,0.496,0.533,0.565,0.567,0.551,0.516,0.489,0.548,0.691,0.678,0.771,1.04,1.39,1.12,0.906,1.24,1.1,1.17,,,,,,,,,,,,,,,,,,,,,,,,,,1.1,1.09,1.12,1.01,0.943,1,0.889,0.823,0.816,0.827,0.841,0.842
Liberia,,,,,,,,,,,,,,,,,,,,,,,,,,,,,,,,,,,,,,,,,0.389,0.314,0.308,0.359,2.23,2.11,1.95,2.36,1.45,0.949,0.926,0.945,0.893,0.964,1.09,1.07,1,0.987,0.943
Libya,,,,,,,,,,,,,,,,,,,,,,,,,,,,,,,0.311,0.308,0.255,0.315,0.261,0.224,0.239,0.218,0.209,0.146,0.137,0.166,0.341,0.333,0.324,0.271,0.283,0.295,0.29,0.428,0.421,0.448,0.397,0.648,0.919,0.743,0.441,0.398,0.401
Lithuania,,,,,,,,,,,,,,,,,,,,,,,,,,,,,,,,,,,,0.478,0.512,0.55,0.505,0.424,0.447,0.495,0.53,0.52,0.544,0.611,0.659,0.635,0.687,0.536,0.661,0.758,0.778,0.773,0.705,0.698,0.668,0.712,0.737
Luxembourg,,,,,,,,,,,0.686,0.765,0.695,0.694,0.738,0.798,0.745,0.75,0.746,0.787,0.808,0.811,0.821,0.816,0.9,0.937,0.852,0.869,0.868,0.861,0.851,0.86,0.811,0.797,0.808,0.821,0.839,0.947,1.07,1.08,1.23,1.24,1.17,1.15,1.28,1.36,1.44,1.5,1.56,1.32,1.42,1.45,1.55,1.59,1.8,1.87,1.78,1.82,1.76
Madagascar,0.166,0.195,0.184,0.199,0.199,0.2,0.232,0.215,0.228,0.231,0.216,0.21,0.183,0.189,0.202,0.209,0.175,0.2,0.241,0.304,0.297,0.228,0.207,0.175,0.179,0.205,0.155,0.225,0.231,0.223,0.28,0.267,0.247,0.246,0.296,0.317,0.26,0.3,0.293,0.322,0.38,0.323,0.226,0.321,0.475,0.456,0.458,0.389,0.467,0.42,0.36,0.338,0.309,0.331,0.337,0.328,0.317,0.344,0.338
Malawi,0.384,0.362,0.35,0.375,0.283,0.333,0.373,0.349,0.392,0.396,0.392,0.355,0.379,0.376,0.39,0.459,0.389,0.346,0.411,0.408,0.388,0.315,0.288,0.283,0.264,0.299,0.25,0.278,0.325,0.345,0.334,0.293,0.425,0.322,0.617,0.481,0.319,0.336,0.381,0.433,0.353,0.391,0.26,0.307,0.326,0.393,0.367,0.331,0.393,0.317,0.349,0.28,0.417,0.426,0.396,0.358,0.449,0.362,
Malaysia,0.393,0.416,0.431,0.44,0.423,0.404,0.386,0.385,0.397,0.37,0.413,0.39,0.374,0.358,0.481,0.451,0.414,0.426,0.435,0.471,0.55,0.585,0.596,0.565,0.524,0.498,0.502,0.49,0.562,0.653,0.724,0.815,0.746,0.79,0.908,0.98,0.902,0.924,0.937,0.963,1.01,0.93,0.911,0.873,0.95,0.91,0.904,0.863,0.772,0.711,0.71,0.697,0.685,0.671,0.645,0.619,0.601,0.632,0.617
Maldives,,,,,,,,,,,,,,,,,,,,,2.05,2.09,1.95,1.67,0.869,0.668,0.607,0.672,0.687,0.74,0.826,0.829,0.833,0.797,0.792,,,,,,,,,,,,0.664,0.875,0.914,0.631,0.654,0.827,0.744,0.728,0.745,0.674,0.73,0.741,0.772
Mali,,,,,,,,0.239,0.181,0.19,0.182,0.202,0.196,0.228,0.409,0.293,0.21,0.196,0.298,0.272,0.292,0.288,0.296,0.321,0.369,0.427,0.35,0.305,0.322,0.29,0.309,0.313,0.339,0.304,0.37,0.367,0.336,0.332,0.289,0.298,0.329,0.339,0.297,0.329,0.316,0.311,0.325,0.325,0.385,0.288,0.351,0.312,0.318,0.399,0.381,0.396,0.403,0.358,0.341
Malta,,,,,,,,,,,0.714,0.689,0.675,0.759,1.01,0.863,0.865,0.904,0.805,0.846,0.864,0.806,0.766,0.737,0.765,0.792,0.738,0.785,0.799,0.825,0.887,0.879,0.887,0.941,0.957,1.32,1.23,1.15,1.13,1.15,1.27,1.1,1.07,1.07,1.05,1.07,1.27,1.29,1.49,1.49,1.54,1.58,1.61,1.51,1.37,1.44,1.38,1.29,1.24
Marshall Islands,,,,,,,,,,,,,,,,,,,,,,,,,,,,,,,,,,,,0.845,0.9,0.811,0.87,0.85,1.01,0.93,0.751,0.866,0.834,0.897,0.862,0.866,0.888,1,1.1,1,0.998,1.07,0.981,0.913,0.778,0.837,0.853
Mauritania,0.23,0.27,0.311,0.295,0.226,0.216,0.211,0.233,0.219,0.235,0.25,0.246,0.492,0.463,0.593,0.604,0.779,0.736,0.648,0.598,0.667,0.749,0.847,0.763,0.731,0.808,0.793,0.666,0.63,0.567,0.607,0.409,0.289,0.3,0.405,0.462,0.453,0.425,0.39,0.366,0.453,0.466,0.423,0.468,0.666,0.825,0.517,0.581,0.67,0.568,0.612,0.625,0.795,0.72,0.658,0.725,0.641,0.72,0.762
Mauritius,,,,,,,,,,,,,,,,,0.577,0.594,0.556,0.544,0.614,0.552,0.5,0.47,0.52,0.554,0.538,0.625,0.697,0.715,0.722,0.66,0.625,0.643,0.655,0.611,0.643,0.663,0.665,0.669,0.612,0.618,0.582,0.541,0.551,0.642,0.686,0.65,0.644,0.568,0.622,0.651,0.657,0.616,0.593,0.571,0.537,0.551,0.542
Mexico,0.117,0.106,0.101,0.0995,0.0985,0.0952,0.0901,0.0901,0.0935,0.0927,0.0966,0.0872,0.0883,0.0946,0.106,0.0962,0.0987,0.102,0.11,0.125,0.123,0.123,0.0971,0.0898,0.0911,0.0976,0.129,0.127,0.187,0.192,0.198,0.194,0.203,0.155,0.173,0.222,0.244,0.244,0.264,0.26,0.27,0.245,0.241,0.258,0.3,0.32,0.288,0.293,0.301,0.288,0.311,0.324,0.335,0.325,0.331,0.366,0.39,0.395,0.412
"Micronesia, Fed. Sts.",,,,,,,,,,,,,,,,,,,,,,,,0.843,,,,,,,,,,,,0.733,0.837,0.881,0.825,0.783,0.726,0.765,0.717,0.76,0.782,0.758,0.772,0.762,0.86,0.869,0.821,0.822,0.815,0.829,0.74,0.782,0.73,0.711,0.654
Moldova,,,,,,,,,,,,,,,,,,,,,,,,,,,,,,,,,,,,0.679,0.739,0.744,0.718,0.652,0.766,0.744,0.774,0.867,0.815,0.919,0.919,0.971,0.936,0.735,0.601,0.661,0.652,0.636,0.62,0.574,0.553,0.545,0.55
Mongolia,,,,,,,,,,,,,,,,,,,,,,0.71,0.645,0.624,0.651,0.682,0.814,0.723,0.66,0.539,0.403,0.825,0.364,0.704,0.545,0.416,0.424,0.473,0.595,0.621,0.679,0.655,0.678,0.679,0.705,0.636,0.535,0.583,0.672,0.575,0.567,0.744,0.66,0.614,0.571,0.446,0.454,0.574,0.642
Montenegro,,,,,,,,,,,,,,,,,,,,,,,,,,,,,,,,,,,,,,,,,0.511,0.62,0.599,0.47,0.581,0.611,0.774,0.857,0.928,0.651,0.627,0.643,0.681,0.614,0.6,0.606,0.631,0.645,0.667
Morocco,0.227,0.248,0.211,0.201,0.191,0.169,0.194,0.202,0.201,0.188,0.216,0.197,0.192,0.221,0.282,0.333,0.367,0.373,0.301,0.299,0.28,0.348,0.337,0.299,0.347,0.338,0.284,0.272,0.251,0.278,0.301,0.275,0.281,0.276,0.264,0.29,0.253,0.272,0.274,0.288,0.324,0.312,0.316,0.308,0.335,0.37,0.387,0.439,0.499,0.399,0.43,0.487,0.502,0.472,0.471,0.424,0.455,0.468,0.493
Mozambique,,,,,,,,,,,,,,,,,,,,,,,,,,,,,,,,0.389,0.469,0.439,0.456,0.495,0.343,0.289,0.262,0.356,0.357,0.308,0.501,0.456,0.435,0.419,0.372,0.359,0.358,0.378,0.423,0.501,0.73,0.764,0.802,0.628,0.721,0.611,0.842
Myanmar,,,,,,,,,,,,,,,,,,,,,,,,,,,,,,,,,,,,,,,,,0.00627,0.00447,0.00225,0.00158,0.00141,0.000954,0.000909,0.000795,0.000665,0.000647,0.151,0.00101,0.109,0.189,0.222,0.266,0.22,0.28,
Namibia,,,,,,,,,,,,,,,,,,,,,0.563,0.679,0.61,0.527,0.516,0.402,0.463,0.515,0.448,0.466,0.503,0.499,0.49,0.5,0.458,0.493,0.517,0.508,0.514,0.503,0.454,0.486,0.493,0.538,0.429,0.411,0.423,0.558,0.669,0.731,0.607,0.575,0.602,0.58,0.634,0.687,0.622,0.466,0.449
Nauru,,,,,,,,,,,,,,,,,,,,,,,,,,,,,,,,,,,,,,,,,,,,,,,,,,,,,0.506,0.786,1.08,1.02,1.02,,
Nepal,,,,,,0.139,0.0876,0.0695,0.075,0.102,0.083,0.0913,0.0792,0.104,0.105,0.134,0.142,0.143,0.155,0.16,0.187,0.196,0.188,0.213,0.194,0.2,0.203,0.209,0.224,0.223,0.217,0.232,0.257,0.288,0.314,0.345,0.356,0.377,0.339,0.297,0.324,0.332,0.285,0.285,0.295,0.295,0.313,0.317,0.333,0.347,0.364,0.329,0.336,0.375,0.408,0.415,0.393,0.424,0.463
Netherlands,,,,,,,,,,0.399,0.433,0.42,0.393,0.407,0.457,0.43,0.442,0.437,0.426,0.467,0.494,0.5,0.496,0.502,0.521,0.546,0.463,0.462,0.483,0.51,0.496,0.5,0.486,0.463,0.482,0.506,0.513,0.54,0.532,0.545,0.595,0.567,0.533,0.526,0.549,0.572,0.596,0.617,0.613,0.547,0.617,0.67,0.698,0.697,0.695,0.752,0.693,0.726,0.733
New Zealand,,,,,,,,,,,0.251,0.217,0.214,0.239,0.329,0.3,0.293,0.278,0.259,0.302,0.299,0.309,0.307,0.296,0.344,0.314,0.261,0.239,0.222,0.256,0.258,0.255,0.28,0.27,0.28,0.275,0.268,0.269,0.283,0.305,0.328,0.318,0.298,0.281,0.293,0.297,0.3,0.291,0.323,0.264,0.28,0.288,0.282,0.272,0.272,0.269,0.257,0.267,0.283
Nicaragua,0.262,0.246,0.289,0.302,0.305,0.324,0.341,0.35,0.304,0.272,0.292,0.285,0.296,0.378,0.426,0.369,0.318,0.374,0.312,0.281,0.433,0.418,0.261,0.3,0.295,0.218,0.208,0.138,0.583,0.652,0.463,0.525,0.533,0.479,0.259,0.279,0.316,0.386,0.377,0.44,0.412,0.389,0.392,0.415,0.441,0.473,0.56,0.6,0.623,0.53,0.599,0.668,0.677,0.658,0.617,0.581,0.549,0.55,0.515
Niger,0.0741,0.0971,0.129,0.103,0.141,0.14,0.161,0.144,0.143,0.165,0.181,0.156,0.205,0.237,0.29,0.31,0.343,0.293,0.278,0.369,0.381,0.362,0.361,0.269,0.27,0.328,0.207,0.252,0.236,0.233,0.216,0.187,0.178,0.181,0.269,0.248,0.259,0.246,0.263,0.232,0.257,0.246,0.265,0.248,0.279,0.308,0.295,0.299,0.358,0.471,0.491,0.478,0.394,0.391,0.393,0.409,0.315,0.33,0.33
Nigeria,0.169,0.163,0.136,0.135,0.154,0.16,0.146,0.174,0.157,0.154,0.112,0.136,0.118,0.153,0.146,0.228,0.239,0.225,0.238,0.191,0.192,0.0958,0.0709,0.0451,0.0303,0.033,0.0389,0.0665,0.0577,0.0893,0.0995,0.128,0.143,0.137,0.0951,0.154,0.172,0.228,0.211,0.131,0.13,0.214,0.168,0.226,0.116,0.12,0.131,0.181,0.151,0.174,0.177,0.217,0.13,0.13,0.125,0.108,0.115,0.132,0.175
North Macedonia,,,,,,,,,,,,,,,,,,,,,,,,,,,,,,,0.341,0.246,0.507,0.52,0.46,0.407,0.366,0.483,0.533,0.496,0.472,0.423,0.452,0.434,0.502,0.51,0.548,0.62,0.683,0.544,0.581,0.661,0.668,0.615,0.649,0.65,0.655,0.692,0.729
Norway,,,,,,,,,,,0.371,0.373,0.342,0.378,0.425,0.419,0.443,0.434,0.356,0.369,0.367,0.356,0.359,0.335,0.335,0.348,0.37,0.34,0.33,0.338,0.332,0.315,0.305,0.309,0.314,0.311,0.312,0.325,0.351,0.314,0.289,0.283,0.272,0.269,0.279,0.274,0.277,0.299,0.29,0.278,0.285,0.284,0.275,0.283,0.297,0.321,0.335,0.328,0.326
Oman,,,,,,,,0.224,0.147,0.119,0.197,0.321,0.438,0.552,0.478,0.507,0.46,0.44,0.487,0.407,0.377,0.381,0.432,0.381,0.376,0.372,0.409,0.291,0.314,,0.276,0.347,0.355,0.381,0.348,0.356,0.358,0.386,0.497,0.376,0.259,0.293,0.279,0.328,0.389,0.311,0.317,0.4,0.372,0.346,0.412,0.43,0.449,0.531,0.467,0.534,0.473,0.495,0.445
Pakistan,,,,,,,,0.181,0.148,0.139,0.147,0.128,0.17,0.163,0.208,0.224,0.194,0.19,0.185,0.228,0.241,0.23,0.218,0.23,0.226,0.228,0.227,0.21,0.217,0.217,0.234,0.186,0.205,0.224,0.19,0.194,0.214,0.208,0.175,0.17,0.147,0.157,0.153,0.161,0.146,0.196,0.215,0.198,0.232,0.197,0.194,0.19,0.204,0.201,0.187,0.171,0.162,0.176,0.197
Palau,,,,,,,,,,,,,,,,,,,,,,,,,,,,,,,,,,,,,,,,,1.1,0.843,0.815,0.777,0.855,0.786,0.83,0.742,0.81,0.722,0.767,0.863,0.903,0.875,0.914,0.756,0.712,0.774,0.763
Palestine,,,,,,,,,,,,,,,,,,,,,,,,,,,,,,,,,,,0.719,0.744,0.733,0.73,0.709,0.787,0.671,0.673,0.628,0.634,0.725,0.74,0.75,0.778,0.696,0.68,0.591,0.547,0.559,0.545,0.567,0.595,0.568,0.556,0.597
Panama,0.544,0.537,0.572,0.601,0.569,0.582,0.603,0.584,0.567,0.599,0.616,0.607,0.616,0.602,0.826,0.808,0.742,0.717,0.668,0.729,0.725,0.714,0.6,0.46,0.474,0.486,0.502,0.512,0.479,0.573,0.643,0.759,0.785,0.756,0.776,0.801,0.847,0.884,0.836,0.698,0.72,0.68,0.642,0.604,0.659,0.712,0.717,0.781,0.886,0.692,0.782,0.843,0.829,0.725,0.637,0.523,0.451,0.453,
Papua New Guinea,,0.281,0.279,0.31,0.343,0.38,0.401,0.396,0.401,0.459,0.539,0.582,0.482,0.348,0.398,0.462,0.408,0.463,0.454,0.456,0.533,0.587,0.605,0.535,0.531,0.524,0.514,0.497,0.519,0.527,0.489,0.522,0.457,0.369,0.398,0.437,0.484,0.501,0.488,0.529,0.492,0.523,0.58,0.54,0.589,,,,,,,,,,,,,,
Paraguay,,,0.147,0.13,0.143,0.158,0.161,0.156,0.168,0.182,0.161,0.159,0.138,0.143,0.172,0.179,0.18,0.224,0.221,0.216,0.2,0.18,0.198,0.159,0.228,0.271,0.328,0.361,0.367,0.311,0.391,0.383,0.397,0.537,0.623,0.563,0.503,0.475,0.47,0.348,0.353,0.32,0.32,0.34,0.344,0.374,0.384,0.356,0.363,0.312,0.375,0.372,0.357,0.335,0.328,0.315,0.3,0.323,0.344
Peru,0.203,0.222,0.22,0.216,0.188,0.19,0.192,0.202,0.189,0.168,0.156,0.148,0.144,0.153,0.213,0.214,0.197,0.221,0.195,0.186,0.221,0.227,0.223,0.215,0.174,0.187,0.181,0.147,0.181,0.112,0.138,0.145,0.155,0.163,0.162,0.183,0.183,0.19,0.193,0.178,0.188,0.185,0.18,0.186,0.19,0.205,0.212,0.242,0.287,0.217,0.238,0.255,0.252,0.25,0.242,0.239,0.228,0.228,0.235
Philippines,0.115,0.14,0.192,0.17,0.185,0.19,0.183,0.206,0.195,0.178,0.21,0.204,0.195,0.199,0.274,0.271,0.252,0.241,0.249,0.266,0.285,0.272,0.261,0.281,0.251,0.219,0.224,0.262,0.269,0.303,0.333,0.326,0.34,0.398,0.401,0.442,0.493,0.593,0.539,0.494,0.534,0.529,0.557,0.547,0.541,0.517,0.484,0.434,0.394,0.334,0.366,0.357,0.341,0.322,0.326,0.343,0.374,0.409,0.444
Poland,,,,,,,,,,,,,,,,,,,,,,,,,,,,,,,,,,,,0.207,0.234,0.271,0.307,0.299,0.336,0.308,0.322,0.36,0.369,0.357,0.399,0.421,0.429,0.38,0.421,0.445,0.449,0.444,0.461,0.464,0.482,0.502,0.522
Portugal,,,,,,,,,,,0.241,0.25,0.249,0.263,0.329,0.256,0.241,0.261,0.254,0.295,0.328,0.352,0.351,0.344,0.352,0.323,0.28,0.322,0.356,0.354,0.359,0.338,0.318,0.306,0.32,0.331,0.337,0.352,0.365,0.368,0.392,0.377,0.352,0.338,0.355,0.359,0.382,0.388,0.408,0.342,0.377,0.386,0.383,0.385,0.401,0.399,0.391,0.417,0.434
Qatar,,,,,,,,,,,,,,,,,,,,,,,,,,,,,,,,,,,0.338,0.433,0.398,0.362,0.4,0.257,0.223,0.291,0.281,0.285,0.262,0.297,0.358,0.358,0.281,0.29,0.238,0.261,0.293,0.297,0.31,0.366,0.418,0.373,0.344
Romania,,,,,,,,,,,,,,,,,,,,,,,,,,,,,,,0.262,0.215,0.362,0.28,0.27,0.307,0.343,0.35,0.308,0.313,0.269,0.298,0.297,0.32,0.349,0.348,0.369,0.388,0.39,0.324,0.388,0.428,0.425,0.407,0.416,0.416,0.421,0.436,0.449
Russia,,,,,,,,,,,,,,,,,,,,,,,,,,,,,,0.21,0.179,0.13,0.483,0.305,0.232,0.259,0.218,0.225,0.246,0.262,0.24,0.242,0.244,0.239,0.222,0.215,0.21,0.215,0.221,0.205,0.211,0.199,0.202,0.204,0.207,0.206,0.206,0.207,0.208
Rwanda,0.101,0.0984,0.128,0.127,0.126,0.169,0.2,0.154,0.151,0.144,0.152,0.169,0.163,0.134,0.213,0.177,0.194,0.177,0.238,0.228,0.264,0.218,0.242,0.208,0.197,0.199,0.202,0.191,0.176,0.173,0.141,0.181,0.183,0.205,0.648,0.258,0.262,0.257,0.232,0.245,0.249,0.243,0.237,0.235,0.248,0.252,0.246,0.249,0.294,0.293,0.296,0.299,0.314,0.319,0.329,0.383,0.331,0.328,0.341
Samoa,,,,,,,,,,,,,,,,,,,,,,,,,,,,,,,,,,,,,,,,,,,0.526,0.445,0.422,0.488,0.522,0.543,0.477,0.515,0.522,0.537,0.574,0.516,0.557,0.497,0.49,0.47,0.478
Saudi Arabia,,,,,,,,,0.247,0.249,0.216,0.179,0.183,0.209,0.132,0.217,0.243,0.326,0.416,0.342,0.273,0.301,0.391,0.477,0.452,0.366,0.358,0.371,0.352,0.381,0.314,0.364,0.36,0.335,0.261,0.277,0.266,0.26,0.265,0.232,0.248,0.239,0.236,0.24,0.241,0.249,0.301,0.349,0.34,0.378,0.33,0.295,0.292,0.308,0.338,0.388,0.307,0.293,0.267
Senegal,0.143,0.187,0.181,0.18,0.182,0.17,0.181,0.184,0.251,0.275,0.264,0.277,0.292,0.323,0.41,0.35,0.371,0.436,0.367,0.352,0.384,0.515,0.434,0.518,0.492,0.392,0.327,0.29,0.296,0.309,0.322,0.309,0.307,0.294,0.391,0.373,0.328,0.336,0.343,0.351,0.372,0.378,0.39,0.387,0.398,0.424,0.431,0.378,0.414,0.325,0.321,0.359,0.39,0.38,0.367,0.354,0.325,0.356,0.361
Serbia,,,,,,,,,,,,,,,,,,,,,,,,,,,,,,,,,,,,0.151,0.271,0.299,0.304,0.184,0.143,0.377,0.387,0.396,0.506,0.451,0.475,0.483,0.502,0.397,0.445,0.458,0.496,0.481,0.502,0.523,0.534,0.571,0.593
Seychelles,,,,,,,,,,,,,,,,,0.795,0.709,0.676,0.664,0.67,0.602,0.662,0.598,0.579,0.585,0.508,0.454,0.561,0.54,0.505,0.46,0.442,0.503,0.424,0.458,0.753,0.605,0.63,0.696,0.819,1.04,0.854,0.865,0.816,1,1.01,0.918,1.12,1.17,1.08,1.11,1.17,0.92,0.992,0.861,0.929,1.02,1.02
Sierra Leone,,,,,0.295,0.313,0.316,0.313,0.268,0.252,0.293,0.324,0.29,0.234,0.261,0.345,0.289,0.267,0.24,0.271,0.382,0.397,0.259,0.22,0.124,0.166,0.15,0.232,0.144,0.177,0.34,0.29,0.329,0.286,0.256,0.264,0.322,0.151,0.213,0.199,0.394,0.276,0.298,0.32,0.291,0.293,0.25,0.247,0.257,0.279,0.345,0.645,0.604,0.588,0.524,0.474,0.545,0.48,0.392
Singapore,1.76,1.57,1.49,1.56,1.33,1.34,1.3,1.22,1.31,1.42,1.45,1.4,1.22,1.27,1.64,1.46,1.56,1.64,1.69,1.9,2.09,2.02,1.87,1.66,1.57,1.52,1.46,1.61,1.75,1.68,1.67,1.55,1.5,1.52,1.5,1.64,1.59,1.55,1.45,1.6,1.76,1.66,1.66,1.75,1.88,1.95,1.97,1.82,2.08,1.67,1.72,1.76,1.72,1.72,1.69,1.51,1.39,1.46,1.5
Slovak Republic,,,,,,,,,,,,,,,,,,,,,,,,,,,,,,,0.334,0.463,0.698,0.597,0.53,0.546,0.625,0.64,0.566,0.511,0.556,0.646,0.634,0.628,0.706,0.754,0.834,0.829,0.819,0.682,0.776,0.843,0.855,0.88,0.867,0.889,0.908,0.929,0.941
Slovenia,,,,,,,,,,,,,,,,,,,,,,,,,,,,,,,0.711,0.672,0.508,0.522,0.523,0.477,0.474,0.487,0.492,0.484,0.538,0.528,0.513,0.513,0.565,0.605,0.649,0.692,0.684,0.559,0.632,0.69,0.695,0.695,0.694,0.691,0.694,0.743,0.771
Solomon Islands,,,,,,,,,,,,,,,,,,,,,,0.793,0.627,0.722,0.561,0.624,0.749,0.565,0.595,0.673,0.647,0.764,0.623,0.688,0.688,0.585,0.558,0.656,0.527,0.421,0.386,0.359,0.305,0.317,0.424,0.546,0.572,0.64,0.672,0.576,0.812,0.697,0.612,0.627,0.612,0.533,,,
Somalia,0.171,0.231,0.275,0.26,0.304,0.206,0.226,0.223,0.215,0.237,0.167,0.199,0.205,0.269,0.4,0.269,0.238,0.592,0.561,0.755,0.885,0.684,0.681,0.727,0.611,0.193,0.294,0.312,0.222,0.449,0.377,,,,,,,,,,,,,,,,,,,,,,,0.915,0.985,0.985,0.999,1.03,0.996
South Africa,0.246,0.213,0.207,0.232,0.255,0.268,0.231,0.242,0.222,0.225,0.246,0.254,0.222,0.221,0.277,0.292,0.281,0.245,0.249,0.25,0.265,0.294,0.26,0.203,0.229,0.219,0.211,0.197,0.219,0.207,0.182,0.17,0.168,0.173,0.193,0.215,0.226,0.229,0.239,0.222,0.243,0.254,0.28,0.245,0.256,0.267,0.31,0.325,0.372,0.275,0.274,0.297,0.312,0.333,0.33,0.315,0.301,0.283,0.296
South Korea,0.12,0.14,0.156,0.147,0.124,0.143,0.182,0.197,0.226,0.225,0.211,0.23,0.215,0.277,0.334,0.314,0.284,0.279,0.292,0.309,0.371,0.372,0.329,0.301,0.285,0.259,0.283,0.283,0.264,0.257,0.259,0.262,0.249,0.235,0.246,0.269,0.282,0.297,0.296,0.279,0.329,0.312,0.293,0.307,0.345,0.344,0.364,0.381,0.5,0.429,0.462,0.543,0.535,0.489,0.45,0.384,0.354,0.377,0.39
South Sudan,,,,,,,,,,,,,,,,,,,,,,,,,,,,,,,,,,,,,,,,,,,,,,,,,0.312,0.345,0.295,0.272,0.288,0.411,0.262,0.289,,,
Spain,,,,,,,,,,,0.137,0.129,0.138,0.148,0.185,0.167,0.175,0.159,0.138,0.141,0.173,0.191,0.196,0.207,0.202,0.2,0.172,0.186,0.194,0.208,0.199,0.197,0.198,0.192,0.213,0.229,0.232,0.255,0.266,0.283,0.315,0.301,0.285,0.278,0.291,0.298,0.309,0.318,0.304,0.239,0.27,0.293,0.294,0.29,0.304,0.306,0.299,0.316,0.324
Sri Lanka,0.329,0.285,0.292,0.275,0.267,0.255,0.258,0.233,0.236,0.246,0.286,0.266,0.239,0.256,0.339,0.35,0.314,0.302,0.395,0.458,0.548,0.465,0.463,0.414,0.347,0.38,0.353,0.357,0.368,0.368,0.381,0.389,0.41,0.433,0.456,0.46,0.439,0.436,0.423,0.433,0.496,0.436,0.414,0.407,0.442,0.413,0.411,0.395,0.385,0.278,0.268,0.341,0.317,0.289,0.292,0.285,0.285,0.289,0.301
St. Kitts and Nevis,,,,,,,,,,,,,,,,,,0.539,0.518,0.568,0.681,0.625,0.561,0.641,0.59,0.547,0.555,0.618,0.619,0.62,0.609,0.598,0.517,0.534,0.485,0.549,0.579,0.524,0.504,0.505,0.574,0.509,0.516,0.527,0.457,0.485,0.488,0.478,0.551,0.479,0.483,0.458,0.44,0.452,0.551,0.57,0.572,0.544,0.588
St. Lucia,,,,,,,,,,,,,,,,,,0.684,0.827,0.82,0.814,0.733,0.623,0.527,0.544,0.528,0.608,0.62,0.678,0.728,0.627,0.625,0.607,0.591,0.579,0.569,0.55,0.581,0.541,0.54,0.535,0.504,0.496,0.565,0.563,0.586,0.623,0.584,0.637,0.507,0.563,0.565,0.522,0.496,0.453,0.423,0.434,,
St. Vincent and the Grenadines,,,,,,,,,,,,,,,,,,0.645,0.632,0.73,0.769,0.649,0.666,0.659,0.635,0.61,0.636,0.648,0.679,0.754,0.633,0.608,0.582,0.569,0.588,0.552,0.562,0.658,0.666,0.614,0.506,0.487,0.465,0.501,0.521,0.529,0.533,0.588,0.619,0.575,0.571,0.557,0.58,0.584,0.61,0.543,0.577,0.547,
Sudan,0.13,0.143,0.15,0.18,0.179,0.15,0.139,0.155,0.168,0.154,0.164,0.172,0.167,0.17,0.207,0.227,0.191,0.166,0.152,0.194,0.231,0.237,0.244,0.212,0.165,0.119,0.0822,0.111,0.0769,0.0934,0.0707,0.117,0.144,0.0724,0.0992,0.098,0.158,0.125,0.152,0.169,0.134,0.128,0.174,0.172,0.2,0.284,0.267,0.227,0.196,0.2,0.172,0.155,0.155,0.149,0.113,0.109,0.125,0.118,0.123
Suriname,,,,,,,,,,,,,,,,,,,,,,,,,,,,,,,,,,,,,,,,,,,,,,,0.454,0.473,0.523,0.438,0.384,,,,,,,,
Swaziland,0.343,0.348,0.457,0.535,0.461,0.526,0.738,0.843,0.721,0.542,0.604,0.549,0.586,0.562,0.592,0.569,0.676,0.686,0.867,0.992,1.14,1.06,1.02,1,0.927,0.928,0.798,0.821,0.803,0.869,0.689,0.706,0.761,0.764,0.729,0.737,0.806,0.762,0.848,0.813,0.851,0.82,0.948,0.883,0.786,0.678,0.511,0.538,0.6,0.578,0.602,0.459,0.43,0.463,0.445,0.408,0.423,0.438,0.439
Sweden,0.216,0.2,0.197,0.198,0.201,0.207,0.202,0.193,0.199,0.212,0.226,0.212,0.208,0.226,0.302,0.26,0.269,0.266,0.249,0.288,0.291,0.282,0.309,0.316,0.308,0.317,0.281,0.289,0.289,0.298,0.282,0.253,0.251,0.28,0.306,0.318,0.308,0.332,0.348,0.351,0.384,0.378,0.36,0.352,0.362,0.391,0.411,0.419,0.439,0.384,0.398,0.41,0.406,0.388,0.401,0.403,0.396,0.412,0.433
Switzerland,,,,,,,,,,,0.422,0.4,0.386,0.392,0.422,0.35,0.371,0.417,0.4,0.439,0.493,0.484,0.443,0.446,0.45,0.457,0.436,0.403,0.415,0.441,0.416,0.387,0.384,0.37,0.362,0.364,0.379,0.421,0.422,0.427,0.46,0.453,0.422,0.414,0.425,0.465,0.48,0.5,0.521,0.497,0.533,0.57,0.566,0.599,0.526,0.505,0.542,0.545,0.539
Syria,0.278,0.224,0.216,0.212,0.192,0.17,0.23,0.192,0.205,0.217,0.215,0.228,0.242,0.263,0.344,0.346,0.35,0.415,0.318,0.367,0.361,0.336,0.254,0.272,0.245,0.254,0.227,0.295,0.265,0.296,0.28,0.321,0.376,0.409,0.454,0.379,0.381,0.338,0.309,0.32,0.286,0.292,0.305,0.286,0.398,0.416,0.387,0.378,,,,,,,,,,,
Tajikistan,,,,,,,,,,,,,,,,,,,,,,,,,,,,,,,,,,0.416,0.483,0.719,0.801,0.942,0.58,0.675,0.886,0.785,0.759,0.737,0.696,0.728,0.83,0.997,0.805,0.615,0.586,0.633,0.659,0.607,0.454,0.422,0.42,0.409,
Tanzania,,,,,,,,,,,,,,,,,,,,,,,,,,,,,,,0.375,0.336,0.394,0.477,0.436,0.415,0.319,0.257,0.159,0.149,0.132,0.142,0.132,0.154,0.176,0.2,0.244,0.282,0.296,0.253,0.28,0.345,0.32,0.296,0.273,0.237,0.191,0.171,
Thailand,0.174,0.171,0.176,0.184,0.188,0.181,0.179,0.202,0.207,0.201,0.194,0.188,0.192,0.2,0.24,0.23,0.227,0.254,0.241,0.293,0.304,0.301,0.246,0.273,0.262,0.259,0.236,0.283,0.344,0.375,0.417,0.425,0.41,0.409,0.43,0.482,0.453,0.468,0.423,0.443,0.565,0.57,0.543,0.552,0.614,0.695,0.654,0.61,0.69,0.548,0.608,0.688,0.687,0.653,0.625,0.572,0.536,0.543,0.565
Timor-Leste,,,,,,,,,,,,,,,,,,,,,,,,,,,,,,,,,,,,,,,,,1.65,1.58,1.73,1.15,0.999,0.675,0.896,1.19,1.26,1.49,1.26,1.33,1.23,0.741,0.782,0.568,0.566,0.541,0.603
Togo,0.315,0.302,0.304,0.298,0.356,0.311,0.312,0.276,0.291,0.323,0.388,0.399,0.385,0.33,0.289,0.537,0.465,0.525,0.769,0.762,0.564,0.53,0.587,0.467,0.533,0.571,0.557,0.507,0.526,0.488,0.453,0.415,0.362,0.321,0.343,0.374,0.441,0.448,0.433,0.39,0.404,0.436,0.426,0.454,0.484,0.512,0.516,0.517,0.503,0.502,0.534,0.645,0.592,0.663,0.577,0.578,0.535,0.437,0.423
Tonga,,,,,,,,,,,,,,,,0.708,0.566,0.572,0.679,0.698,0.677,0.672,0.646,0.692,0.63,0.722,0.699,0.646,0.667,0.628,0.651,0.606,0.49,0.475,0.463,0.559,0.584,0.517,0.596,0.355,0.39,0.452,0.553,0.566,0.569,0.568,0.516,0.579,0.519,0.633,0.603,0.613,0.608,0.626,0.574,0.647,0.677,0.703,0.759
Tunisia,,,,,,0.144,0.135,0.145,0.109,0.127,0.247,0.244,0.247,0.264,0.322,0.329,0.34,0.38,0.387,0.42,0.456,0.498,0.474,0.427,0.443,0.381,0.373,0.358,0.417,0.477,0.506,0.453,0.465,0.48,0.479,0.488,0.436,0.414,0.415,0.399,0.429,0.467,0.446,0.429,0.447,0.453,0.479,0.53,0.587,0.48,0.547,0.56,0.58,0.565,0.559,0.516,0.514,0.569,0.62
Turkey,0.0367,0.0682,0.0797,0.0697,0.0547,0.0539,0.0567,0.0497,0.0508,0.0474,0.0636,0.0825,0.0854,0.0909,0.113,0.112,0.107,0.107,0.0729,0.0588,0.119,0.129,0.15,0.166,0.197,0.19,0.161,0.178,0.176,0.178,0.176,0.166,0.173,0.193,0.204,0.244,0.278,0.304,0.197,0.188,0.226,0.228,0.23,0.234,0.254,0.244,0.265,0.261,0.271,0.234,0.255,0.304,0.286,0.281,0.276,0.26,0.249,0.293,0.306
Turkmenistan,,,,,,,,,,,,,,,,,,,,,,,,,,,,,,,,0.271,0.382,0.614,0.853,0.842,0.779,0.647,0.666,0.548,0.483,0.405,0.283,0.306,0.296,0.233,0.173,0.195,0.373,0.579,0.51,0.513,0.505,0.488,0.443,0.456,0.399,0.311,0.125
Uganda,0.218,0.216,0.214,0.239,0.231,0.244,0.253,0.244,0.226,0.203,0.201,0.24,0.168,0.132,0.15,0.109,0.0961,0.078,0.189,0.175,0.26,0.221,0.175,0.136,0.143,0.15,0.152,0.18,0.178,0.181,0.194,0.219,0.243,0.212,0.191,0.208,0.234,0.208,0.204,0.238,0.221,0.238,0.251,0.252,0.228,0.248,0.284,0.301,0.32,0.295,0.286,0.339,0.331,0.306,0.281,0.292,0.286,0.253,0.287
Ukraine,,,,,,,,,,,,,,,,,,,,,,,,,,,,,,0.321,0.287,0.239,0.22,0.262,0.386,0.502,0.482,0.437,0.442,0.482,0.574,0.515,0.485,0.528,0.535,0.484,0.473,0.484,0.525,0.46,0.511,0.564,0.564,0.522,0.521,0.552,0.562,0.557,0.538
United Arab Emirates,,,,,,,,,,,,,,,,,,,,,,,,,,,,,,,,,,,,,,,,,,0.407,0.436,0.464,0.531,0.52,0.508,0.644,0.696,0.738,0.616,0.616,0.64,0.647,0.689,0.744,0.757,0.77,0.68
United Kingdom,,,,,,,,,,,0.21,0.205,0.207,0.248,0.317,0.271,0.291,0.29,0.267,0.27,0.244,0.231,0.237,0.248,0.276,0.268,0.254,0.253,0.252,0.26,0.249,0.227,0.234,0.249,0.258,0.253,0.26,0.251,0.248,0.253,0.269,0.272,0.267,0.261,0.263,0.274,0.292,0.272,0.291,0.28,0.303,0.316,0.311,0.312,0.299,0.29,0.301,0.316,0.318
United States,,,,,,,,,,,0.052,0.0535,0.058,0.064,0.0825,0.0728,0.0807,0.0876,0.0903,0.0962,0.103,0.0991,0.0907,0.0904,0.1,0.0962,0.0989,0.105,0.106,0.105,0.106,0.101,0.102,0.105,0.112,0.118,0.119,0.123,0.123,0.13,0.144,0.132,0.13,0.134,0.147,0.155,0.162,0.165,0.174,0.137,0.157,0.173,0.17,0.165,0.164,0.153,0.146,0.15,0.153
Uruguay,0.186,0.148,0.144,0.12,0.113,0.115,0.115,0.132,0.122,0.121,0.152,0.114,0.149,0.0951,0.169,0.203,0.201,0.227,0.212,0.212,0.206,0.19,0.173,0.236,0.214,0.211,0.203,0.192,0.177,0.177,0.181,0.179,0.196,0.196,0.204,0.191,0.199,0.202,0.192,0.183,0.2,0.195,0.194,0.243,0.294,0.285,0.317,0.301,0.35,0.263,0.254,0.268,0.291,0.264,0.255,0.229,0.199,0.183,0.19
Uzbekistan,,,,,,,,,,,,,,,,,,,,,,,,,,,,,,,,,,,,,,0.301,0.229,0.184,0.194,0.271,0.28,0.322,0.348,0.317,0.31,0.347,0.386,0.34,0.197,0.201,0.201,0.202,0.182,0.151,0.149,0.239,0.387
Vanuatu,,,,,,,,,,,,,,,,,,,,,0.418,0.407,0.453,0.669,0.622,0.691,0.648,0.642,0.601,0.629,0.729,0.578,0.553,0.552,0.537,0.534,0.531,0.504,0.524,0.539,0.48,0.498,0.494,0.483,0.531,0.548,0.483,0.477,0.576,0.563,0.527,0.5,0.508,0.513,0.494,,,,
Venezuela,0.181,0.169,0.169,0.152,0.18,0.191,0.171,0.174,0.195,0.199,0.188,0.19,0.2,0.192,0.185,0.25,0.289,0.351,0.373,0.284,0.247,0.249,0.28,0.13,0.176,0.169,0.197,0.221,0.264,0.204,0.195,0.254,0.28,0.263,0.216,0.211,0.206,0.22,0.227,0.192,0.181,0.194,0.181,0.167,0.192,0.205,0.221,0.251,0.21,0.204,0.176,0.197,0.242,0.295,0.314,,,,
Vietnam,,,,,,,,,,,,,,,,,,,,,,,,,,,0.166,0.148,0.15,0.341,0.453,0.36,0.388,0.375,0.435,0.419,0.518,0.512,0.522,0.528,0.575,0.569,0.62,0.677,0.733,0.67,0.706,0.841,0.84,0.721,0.802,0.835,0.765,0.815,0.831,0.89,0.911,0.988,1.02
Zambia,,,,,,,,,,,,,,,,,,,,,,,,,,,,,,,,,,,0.337,0.363,0.353,0.309,0.316,0.347,0.365,0.396,0.378,0.366,0.373,0.316,0.253,0.322,0.305,0.269,0.309,0.357,0.39,0.441,0.412,0.427,0.386,0.338,0.382
Zimbabwe,,,,,,,,,,,,,,,,0.244,0.196,0.202,0.2,0.227,0.265,0.259,0.222,0.195,0.208,0.22,0.215,0.213,0.204,0.217,0.228,0.272,0.365,0.324,0.365,0.409,0.359,0.446,0.451,0.335,0.359,0.329,0.35,0.381,0.416,0.425,0.469,0.464,0.681,0.423,0.535,0.547,0.49,0.367,0.337,0.376,0.313,0.293,0.255
